<?xml version='1.0' encoding='UTF-8'?>
<?xml-stylesheet type='text/xsl' href='xslt/cdi.xsl'?>
<cdi xmlns:xsi='http://www.w3.org/2001/XMLSchema-instance' xsi:noNamespaceSchemaLocation='http://openlcb.org/trunk/prototypes/xml/schema/cdi.xsd'>
<identification>
	<manufacturer>Railstars Limited</manufacturer>
	<model>Io</model>
	<hardwareVersion>1.0</hardwareVersion>
	<softwareVersion>1.2</softwareVersion>
</identification>

<segment origin='1028' space='253'>
    <group offset='0'>
        <name>User Identification</name>
        <description>Add your own descriptive name and description for this node.</description>
        <string size='32'>
            <name>Node Name</name>
        </string>
        <string size='64'>
            <name>Node Description</name>
        </string>
    </group>
</segment>


<segment origin='4' space='253'>
	<group replication='8'>
	    <name>Inputs</name>
        <repname>Input</repname>
        <string size='16' offset='260'>
            <name>Description</name>
        </string>
        <eventid offset='-276' >
            <name>Activation Event</name>
        </eventid>
        <eventid>
            <name>Inactivation Event</name>
        </eventid>
    </group>
    <group replication='8'>
	    <name>Outputs</name>
        <repname>Output</repname>
        <string size='16' offset='260'>
            <name>Description</name>
        </string>
        <eventid offset='-276' >
            <name>Activation Event</name>
        </eventid>
        <eventid>
            <name>Inactivation Event</name>
        </eventid>
    </group>
</segment>
</cdi>
